model,roc_auc,pr_auc,f1,recall,accuracy,seconds
TabPFN,0.7083721363382381,0.5174803100221504,0.44765342960288806,0.3502824858757062,0.7171903881700554,75.07400824900003
RandomForest,0.7055783199850996,0.5283927337876979,0.4721311475409836,0.4067796610169492,0.7024029574861368,5.255457774999968
LogisticRegression,0.638309430682312,0.49227254254952896,0.5013774104683195,0.5141242937853108,0.6654343807763401,0.13423224799998934
